[
  {"model":"directory.building","pk":1,"fields":{"name":"Главный корпус"}},
  {"model":"directory.building","pk":2,"fields":{"name":"Корпус №2 (СПО)"}},
  {"model":"directory.building","pk":3,"fields":{"name":"Спорткомплекс"}},
  {"model":"directory.building","pk":4,"fields":{"name":"ИТ-центр"}},

  {"model":"directory.roomtype","pk":1,"fields":{"name":"Обычный класс"}},
  {"model":"directory.roomtype","pk":2,"fields":{"name":"Компьютерный класс"}},
  {"model":"directory.roomtype","pk":3,"fields":{"name":"Лаборатория"}},
  {"model":"directory.roomtype","pk":4,"fields":{"name":"Спортзал"}},
  {"model":"directory.roomtype","pk":5,"fields":{"name":"Лекционная аудитория"}},

  {"model":"directory.room","pk":1,"fields":{"building":1,"name":"101","capacity":30,"computers":0,"room_type":5}},
  {"model":"directory.room","pk":2,"fields":{"building":1,"name":"102","capacity":28,"computers":0,"room_type":1}},
  {"model":"directory.room","pk":3,"fields":{"building":1,"name":"201","capacity":32,"computers":0,"room_type":1}},
  {"model":"directory.room","pk":4,"fields":{"building":1,"name":"202","capacity":24,"computers":0,"room_type":1}},
  {"model":"directory.room","pk":5,"fields":{"building":1,"name":"303","capacity":100,"computers":0,"room_type":5}},

  {"model":"directory.room","pk":6,"fields":{"building":2,"name":"A-11","capacity":26,"computers":0,"room_type":1}},
  {"model":"directory.room","pk":7,"fields":{"building":2,"name":"A-12","capacity":26,"computers":0,"room_type":1}},
  {"model":"directory.room","pk":8,"fields":{"building":2,"name":"B-21","capacity":22,"computers":0,"room_type":1}},
  {"model":"directory.room","pk":9,"fields":{"building":2,"name":"B-22","capacity":22,"computers":0,"room_type":1}},
  {"model":"directory.room","pk":10,"fields":{"building":2,"name":"C-31","capacity":18,"computers":0,"room_type":1}},

  {"model":"directory.room","pk":11,"fields":{"building":4,"name":"IT-1","capacity":24,"computers":24,"room_type":2}},
  {"model":"directory.room","pk":12,"fields":{"building":4,"name":"IT-2","capacity":30,"computers":30,"room_type":2}},
  {"model":"directory.room","pk":13,"fields":{"building":4,"name":"IT-3","capacity":20,"computers":20,"room_type":2}},
  {"model":"directory.room","pk":14,"fields":{"building":4,"name":"NET-LAB","capacity":16,"computers":16,"room_type":3}},
  {"model":"directory.room","pk":15,"fields":{"building":4,"name":"SEC-LAB","capacity":16,"computers":16,"room_type":3}},

  {"model":"directory.room","pk":16,"fields":{"building":3,"name":"G-1","capacity":0,"computers":0,"room_type":4}},
  {"model":"directory.room","pk":17,"fields":{"building":3,"name":"G-2","capacity":0,"computers":0,"room_type":4}},

  {"model":"directory.lessontype","pk":1,"fields":{"name":"Лекция"}},
  {"model":"directory.lessontype","pk":2,"fields":{"name":"Практика"}},
  {"model":"directory.lessontype","pk":3,"fields":{"name":"Лабораторная"}},
  {"model":"directory.lessontype","pk":4,"fields":{"name":"Зачёт"}},
  {"model":"directory.lessontype","pk":5,"fields":{"name":"Экзамен"}},

  {"model":"directory.discipline","pk":1,"fields":{"title":"Математика"}},
  {"model":"directory.discipline","pk":2,"fields":{"title":"Информатика"}},
  {"model":"directory.discipline","pk":3,"fields":{"title":"Программирование на Python"}},
  {"model":"directory.discipline","pk":4,"fields":{"title":"Компьютерные сети"}},
  {"model":"directory.discipline","pk":5,"fields":{"title":"Операционные системы"}},
  {"model":"directory.discipline","pk":6,"fields":{"title":"Базы данных"}},
  {"model":"directory.discipline","pk":7,"fields":{"title":"Информационная безопасность"}},
  {"model":"directory.discipline","pk":8,"fields":{"title":"Физическая культура"}},
  {"model":"directory.discipline","pk":9,"fields":{"title":"Алгоритмы и структуры данных"}},
  {"model":"directory.discipline","pk":10,"fields":{"title":"Web-разработка"}},
  {"model":"directory.discipline","pk":11,"fields":{"title":"Проектная деятельность"}},
  {"model":"directory.discipline","pk":12,"fields":{"title":"Дискретная математика"}},

  {"model":"directory.teacher","pk":1,"fields":{"full_name":"Иванов Иван Иванович","user":null}},
  {"model":"directory.teacher","pk":2,"fields":{"full_name":"Петров Пётр Петрович","user":null}},
  {"model":"directory.teacher","pk":3,"fields":{"full_name":"Сидорова Мария Алексеевна","user":null}},
  {"model":"directory.teacher","pk":4,"fields":{"full_name":"Кузнецов Андрей Владимирович","user":null}},
  {"model":"directory.teacher","pk":5,"fields":{"full_name":"Соколова Анна Викторовна","user":null}},
  {"model":"directory.teacher","pk":6,"fields":{"full_name":"Орлова Екатерина Сергеевна","user":null}},
  {"model":"directory.teacher","pk":7,"fields":{"full_name":"Михайлов Дмитрий Олегович","user":null}},
  {"model":"directory.teacher","pk":8,"fields":{"full_name":"Романенко Олег Николаевич","user":null}},
  {"model":"directory.teacher","pk":9,"fields":{"full_name":"Громова Полина Игоревна","user":null}},
  {"model":"directory.teacher","pk":10,"fields":{"full_name":"Тарасов Артём Евгеньевич","user":null}},

  {"model":"directory.studentgroup","pk":1,"fields":{"code":"ИСП-31","size":25,"department":"СПО"}},
  {"model":"directory.studentgroup","pk":2,"fields":{"code":"ИСП-32","size":22,"department":"СПО"}},
  {"model":"directory.studentgroup","pk":3,"fields":{"code":"ИС-21","size":28,"department":"СПО"}},
  {"model":"directory.studentgroup","pk":4,"fields":{"code":"ПО-41","size":18,"department":"ВО"}},
  {"model":"directory.studentgroup","pk":5,"fields":{"code":"КС-11","size":16,"department":"СПО"}},
  {"model":"directory.studentgroup","pk":6,"fields":{"code":"ИБ-22","size":20,"department":"ВО"}},

  {"model":"scheduleapp.timeslot","pk":1,"fields":{"order":1,"start_time":"08:00:00","end_time":"09:30:00"}},
  {"model":"scheduleapp.timeslot","pk":2,"fields":{"order":2,"start_time":"09:40:00","end_time":"11:10:00"}},
  {"model":"scheduleapp.timeslot","pk":3,"fields":{"order":3,"start_time":"11:20:00","end_time":"12:50:00"}},
  {"model":"scheduleapp.timeslot","pk":4,"fields":{"order":4,"start_time":"13:20:00","end_time":"14:50:00"}},
  {"model":"scheduleapp.timeslot","pk":5,"fields":{"order":5,"start_time":"15:00:00","end_time":"16:30:00"}},
  {"model":"scheduleapp.timeslot","pk":6,"fields":{"order":6,"start_time":"16:40:00","end_time":"18:10:00"}}
]
